<FIXML xsi:schemaLocation="http://www.finacle.com/fixml executeFinacleScript.xsd" xmlns="http://www.finacle.com/fixml" xmlns:xsi="http://www.w3.org/2001/XMLSchema-instance"><Header>
<RequestHeader>
<MessageKey>
<RequestUUID>Req_1506406812181</RequestUUID>
<ServiceRequestId>AcctInq</ServiceRequestId>
<ServiceRequestVersion>10.2</ServiceRequestVersion>
<ChannelId>COR</ChannelId>
<LanguageId></LanguageId>
</MessageKey>
<RequestMessageInfo>
<BankId>01</BankId>
<TimeZone></TimeZone>
<EntityId></EntityId>
<EntityType></EntityType>
<ArmCorrelationId></ArmCorrelationId>
<MessageDateTime>2020-02-11T11:50:12.180</MessageDateTime>
</RequestMessageInfo>
<Security>
<Token>
<PasswordToken>
<UserId></UserId>
<Password></Password>
</PasswordToken>
</Token>
<FICertToken></FICertToken>
<RealUserLoginSessionId></RealUserLoginSessionId>
<RealUser></RealUser>
<RealUserPwd></RealUserPwd>
<SSOTransferToken></SSOTransferToken>
</Security>
</RequestHeader>
</Header>
<body>
<AcctInqRequest>
<AcctInqRq>
<AcctId><AcctId>0183104000264266</AcctId></AcctId>
</AcctInqRq></AcctInqRequest>
</body>
</FIXML>